<?xml version="1.0" encoding="UTF-8" ?>
<XMLDB PATH="admin/tool/coursearchiver/db" VERSION="20141103" COMMENT="XMLDB file for Moodle tool/coursearchiver"
    xmlns:xsi="http://www.w3.org/2001/XMLSchema-instance"
    xsi:noNamespaceSchemaLocation="../../../lib/xmldb/xmldb.xsd"
>
  <TABLES>
    <TABLE NAME="tool_coursearchiver_optout" COMMENT="Table to store course optouts">
      <FIELDS>
        <FIELD NAME="id" TYPE="int" LENGTH="10" NOTNULL="true" SEQUENCE="true"/>
        <FIELD NAME="userid" TYPE="int" LENGTH="10" NOTNULL="true" SEQUENCE="false" COMMENT="Id of user who opted out."/>
        <FIELD NAME="courseid" TYPE="int" LENGTH="10" NOTNULL="true" SEQUENCE="false" COMMENT="Id of course to which this rule belongs."/>
        <FIELD NAME="optouttime" TYPE="int" LENGTH="10" NOTNULL="true" SEQUENCE="false" COMMENT="Time stamp of when this opt out was initiated."/>
        <FIELD NAME="optoutlength" TYPE="int" LENGTH="10" NOTNULL="true" SEQUENCE="false" COMMENT="Months till optout ends"/>
      </FIELDS>
      <KEYS>
        <KEY NAME="primary" TYPE="primary" FIELDS="id"/>
      </KEYS>
      <INDEXES>
        <INDEX NAME="userid" UNIQUE="false" FIELDS="userid" COMMENT="Index on userid"/>
        <INDEX NAME="courseid" UNIQUE="false" FIELDS="courseid" COMMENT="Index on courseid"/>
        <INDEX NAME="optouttime" UNIQUE="false" FIELDS="optouttime" COMMENT="Index on optouttime"/>
      </INDEXES>
    </TABLE>
    <TABLE NAME="tool_coursearchiver_saves" COMMENT="Table to store step results">
      <FIELDS>
        <FIELD NAME="id" TYPE="int" LENGTH="10" NOTNULL="true" SEQUENCE="true"/>
        <FIELD NAME="title" TYPE="char" LENGTH="255" NOTNULL="true" SEQUENCE="false" COMMENT="Name given to save."/>
        <FIELD NAME="content" TYPE="text" LENGTH="long" SEQUENCE="false" COMMENT="Content of saved data."/>
        <FIELD NAME="step" TYPE="int" LENGTH="10" NOTNULL="true" SEQUENCE="false" COMMENT="Step identification."/>
        <FIELD NAME="savedate" TYPE="int" LENGTH="10" NOTNULL="true" SEQUENCE="false" COMMENT="Time stamp of when saved."/>
      </FIELDS>
      <KEYS>
        <KEY NAME="primary" TYPE="primary" FIELDS="id"/>
      </KEYS>
      <INDEXES>
        <INDEX NAME="step" UNIQUE="false" FIELDS="step" COMMENT="Index on step"/>
        <INDEX NAME="savedate" UNIQUE="false" FIELDS="savedate" COMMENT="Index on savedate"/>
      </INDEXES>
    </TABLE>
    <TABLE NAME="tool_coursearchiver_archived" COMMENT="Table to store archives">
      <FIELDS>
        <FIELD NAME="id" TYPE="int" LENGTH="10" NOTNULL="true" SEQUENCE="true"/>
        <FIELD NAME="filename" TYPE="char" LENGTH="255" NOTNULL="true" SEQUENCE="false" COMMENT="Name given to archive file."/>
        <FIELD NAME="owners" TYPE="char" LENGTH="255" NOTNULL="true" SEQUENCE="false" COMMENT="Array of owner ids"/>
        <FIELD NAME="timetodelete" TYPE="int" LENGTH="10" NOTNULL="true" SEQUENCE="false" COMMENT="Time stamp of when to delete."/>
      </FIELDS>
      <KEYS>
        <KEY NAME="primary" TYPE="primary" FIELDS="id"/>
      </KEYS>
      <INDEXES>
        <INDEX NAME="filename" UNIQUE="false" FIELDS="filename" COMMENT="Index on filename"/>
        <INDEX NAME="owners" UNIQUE="false" FIELDS="owners" COMMENT="Index on owners"/>
        <INDEX NAME="timetodelete" UNIQUE="false" FIELDS="timetodelete" COMMENT="Index on timetodelete"/>
      </INDEXES>
    </TABLE>
  </TABLES>
</XMLDB>